"Module","ModuleSize","Zsummary","TestSet"
"black",204,5.74393608735551,"Test_Set_1"
"blue",1000,28.3287540469929,"Test_Set_1"
"brown",1000,50.7999070321014,"Test_Set_1"
"cyan",110,5.13891770483883,"Test_Set_1"
"darkred",29,2.86940534532124,"Test_Set_1"
"green",558,29.7357183024656,"Test_Set_1"
"greenyellow",129,9.4623403286795,"Test_Set_1"
"grey60",65,6.06650326383462,"Test_Set_1"
"lightcyan",84,7.43988760735425,"Test_Set_1"
"lightgreen",41,5.28581342672915,"Test_Set_1"
"lightyellow",47,3.2883605303038,"Test_Set_1"
"magenta",167,9.59526703779157,"Test_Set_1"
"midnightblue",99,9.15690068540611,"Test_Set_1"
"pink",172,9.43257186189474,"Test_Set_1"
"purple",142,17.6546513478383,"Test_Set_1"
"red",229,8.63085340968045,"Test_Set_1"
"royalblue",30,14.7608038477353,"Test_Set_1"
"salmon",108,5.29268957080513,"Test_Set_1"
"tan",121,5.68898228540533,"Test_Set_1"
"turquoise",1000,3.7872714039071,"Test_Set_1"
"yellow",815,28.5345466024166,"Test_Set_1"
