"Module","MedianRank","TestSet"
"black",30,"Test_Set_1"
"blue",10,"Test_Set_1"
"brown",27,"Test_Set_1"
"cyan",4,"Test_Set_1"
"darkgreen",21,"Test_Set_1"
"darkgrey",13,"Test_Set_1"
"darkmagenta",14,"Test_Set_1"
"darkolivegreen",21,"Test_Set_1"
"darkorange",23,"Test_Set_1"
"darkred",23,"Test_Set_1"
"darkturquoise",27,"Test_Set_1"
"green",17,"Test_Set_1"
"greenyellow",17,"Test_Set_1"
"grey60",36,"Test_Set_1"
"lightcyan",1,"Test_Set_1"
"lightgreen",9,"Test_Set_1"
"lightyellow",19,"Test_Set_1"
"magenta",23,"Test_Set_1"
"midnightblue",33,"Test_Set_1"
"orange",9,"Test_Set_1"
"orangered4",12,"Test_Set_1"
"paleturquoise",35,"Test_Set_1"
"pink",22,"Test_Set_1"
"plum1",6,"Test_Set_1"
"purple",37,"Test_Set_1"
"red",29,"Test_Set_1"
"royalblue",10,"Test_Set_1"
"saddlebrown",8,"Test_Set_1"
"salmon",34,"Test_Set_1"
"sienna3",3,"Test_Set_1"
"skyblue",15,"Test_Set_1"
"skyblue3",7,"Test_Set_1"
"steelblue",7,"Test_Set_1"
"tan",35,"Test_Set_1"
"turquoise",23,"Test_Set_1"
"violet",7,"Test_Set_1"
"white",29,"Test_Set_1"
"yellow",18,"Test_Set_1"
"yellowgreen",11,"Test_Set_1"
"black",24,"Test_Set_2"
"blue",16,"Test_Set_2"
"brown",20,"Test_Set_2"
"cyan",22,"Test_Set_2"
"darkgreen",3,"Test_Set_2"
"darkgrey",9,"Test_Set_2"
"darkmagenta",6,"Test_Set_2"
"darkolivegreen",33,"Test_Set_2"
"darkorange",27,"Test_Set_2"
"darkred",19,"Test_Set_2"
"darkturquoise",4,"Test_Set_2"
"green",22,"Test_Set_2"
"greenyellow",14,"Test_Set_2"
"grey60",33,"Test_Set_2"
"lightcyan",1,"Test_Set_2"
"lightgreen",15,"Test_Set_2"
"lightyellow",10,"Test_Set_2"
"magenta",25,"Test_Set_2"
"midnightblue",31,"Test_Set_2"
"orange",23,"Test_Set_2"
"orangered4",7,"Test_Set_2"
"paleturquoise",29,"Test_Set_2"
"pink",15,"Test_Set_2"
"plum1",7,"Test_Set_2"
"purple",38,"Test_Set_2"
"red",37,"Test_Set_2"
"royalblue",13,"Test_Set_2"
"saddlebrown",8,"Test_Set_2"
"salmon",30,"Test_Set_2"
"sienna3",4,"Test_Set_2"
"skyblue",13,"Test_Set_2"
"skyblue3",31,"Test_Set_2"
"steelblue",23,"Test_Set_2"
"tan",25,"Test_Set_2"
"turquoise",14,"Test_Set_2"
"violet",9,"Test_Set_2"
"white",33,"Test_Set_2"
"yellow",35,"Test_Set_2"
"yellowgreen",14,"Test_Set_2"
"black",39,"Test_Set_3"
"blue",37,"Test_Set_3"
"brown",20,"Test_Set_3"
"cyan",9,"Test_Set_3"
"darkgreen",1,"Test_Set_3"
"darkgrey",9,"Test_Set_3"
"darkmagenta",8,"Test_Set_3"
"darkolivegreen",33,"Test_Set_3"
"darkorange",36,"Test_Set_3"
"darkred",13,"Test_Set_3"
"darkturquoise",27,"Test_Set_3"
"green",20,"Test_Set_3"
"greenyellow",15,"Test_Set_3"
"grey60",38,"Test_Set_3"
"lightcyan",4,"Test_Set_3"
"lightgreen",7,"Test_Set_3"
"lightyellow",26,"Test_Set_3"
"magenta",17,"Test_Set_3"
"midnightblue",23,"Test_Set_3"
"orange",35,"Test_Set_3"
"orangered4",7,"Test_Set_3"
"paleturquoise",33,"Test_Set_3"
"pink",22,"Test_Set_3"
"plum1",5,"Test_Set_3"
"purple",31,"Test_Set_3"
"red",23,"Test_Set_3"
"royalblue",3,"Test_Set_3"
"saddlebrown",13,"Test_Set_3"
"salmon",26,"Test_Set_3"
"sienna3",2,"Test_Set_3"
"skyblue",13,"Test_Set_3"
"skyblue3",27,"Test_Set_3"
"steelblue",13,"Test_Set_3"
"tan",29,"Test_Set_3"
"turquoise",30,"Test_Set_3"
"violet",11,"Test_Set_3"
"white",34,"Test_Set_3"
"yellow",21,"Test_Set_3"
"yellowgreen",12,"Test_Set_3"
