Sample,line,year,loc,Name,region,ayield,prot,dmat,plht,sdwt,oil
L18B01R1,1,18,Brandon,X5583-1-041-5-5,west,1596.4,37.2,109,61,12.1,21.9
L18B01R2,1,18,Brandon,X5583-1-041-5-5,west,1596.4,37.2,109,61,12.1,21.9
L18B01R3,1,18,Brandon,X5583-1-041-5-5,west,1596.4,37.2,109,61,12.1,21.9
L18B02R1,2,18,Brandon,AC Harmony,west,889.3,36.4,105,63,11.3,21.9
L18B02R2,2,18,Brandon,AC Harmony,west,889.3,36.4,105,63,11.3,21.9
L18B02R3,2,18,Brandon,AC Harmony,west,889.3,36.4,105,63,11.3,21.9
L18B03R1,3,18,Brandon,AAC Halli,west,1473.7,39,100,63,13.4,20.6
L18B03R2,3,18,Brandon,AAC Halli,west,1473.7,39,100,63,13.4,20.6
L18B03R3,3,18,Brandon,AAC Halli,west,1473.7,39,100,63,13.4,20.6
L18B04R1b,4,18,Brandon,90A01,west,1154.9,39.7,101,63,13,21.2
L18B04R2b,4,18,Brandon,90A01,west,1154.9,39.7,101,63,13,21.2
L18B04R3b,4,18,Brandon,90A01,west,1154.9,39.7,101,63,13,21.2
L18B05R1b,5,18,Brandon,Maple Amber,west,1419.6,40.7,107,75,14.5,20.8
L18B05R2b,5,18,Brandon,Maple Amber,west,1419.6,40.7,107,75,14.5,20.8
L18B05R3b,5,18,Brandon,Maple Amber,west,1419.6,40.7,107,75,14.5,20.8
L18B06R2,6,18,Brandon,OT13-08,west,1609,41.3,106,75,12.7,21.5
L18B06R3,6,18,Brandon,OT13-08,west,1609,41.3,106,75,12.7,21.5
L18B07R1,7,18,Brandon,OT14-03,west,1291.9,41.7,104,72,12.7,19.3
L18B07R2,7,18,Brandon,OT14-03,west,1291.9,41.7,104,72,12.7,19.3
L18B07R3,7,18,Brandon,OT14-03,west,1291.9,41.7,104,72,12.7,19.3
L18B08R1,8,18,Brandon,AAC Springfield,west,1045.2,44.5,101,61,12,18.1
L18B09R1,9,18,Brandon,Jari,west,1283.1,42,106,69,13.6,18.9
L18B09R2,9,18,Brandon,Jari,west,1283.1,42,106,69,13.6,18.9
L18B09R3,9,18,Brandon,Jari,west,1283.1,42,106,69,13.6,18.9
L18B10R1,10,18,Brandon,AC Proteus,west,1277,46.9,109,76,13.4,15.9
L18B10R2,10,18,Brandon,AC Proteus,west,1277,46.9,109,76,13.4,15.9
L18B10R3,10,18,Brandon,AC Proteus,west,1277,46.9,109,76,13.4,15.9
L18M01R1,1,18,Morden,X5583-1-041-5-5,west,2150.4,35.3,110,87,12.7,23.7
L18M01R2,1,18,Morden,X5583-1-041-5-5,west,2150.4,35.3,110,87,12.7,23.7
L18M01R3,1,18,Morden,X5583-1-041-5-5,west,2150.4,35.3,110,87,12.7,23.7
L18M02R1,2,18,Morden,AC Harmony,west,734.3,36.9,108,80,12.8,23.7
L18M02R2,2,18,Morden,AC Harmony,west,734.3,36.9,108,80,12.8,23.7
L18M02R3,2,18,Morden,AC Harmony,west,734.3,36.9,108,80,12.8,23.7
L18M03R1,3,18,Morden,AAC Halli,west,2574.4,37.9,105,85,14.5,22.4
L18M03R2,3,18,Morden,AAC Halli,west,2574.4,37.9,105,85,14.5,22.4
L18M03R3,3,18,Morden,AAC Halli,west,2574.4,37.9,105,85,14.5,22.4
L18M04R1b,4,18,Morden,90A01,west,1352,40,109,78,14,22.4
L18M04R2b,4,18,Morden,90A01,west,1352,40,109,78,14,22.4
L18M04R3b,4,18,Morden,90A01,west,1352,40,109,78,14,22.4
L18M05R2b,5,18,Morden,Maple Amber,west,1830.6,39.4,107,83,13.1,23
L18M05R3b,5,18,Morden,Maple Amber,west,1830.6,39.4,107,83,13.1,23
L18M06R2,6,18,Morden,OT13-08,west,2455.1,41.1,111,93,13,22.7
L18M06R3,6,18,Morden,OT13-08,west,2455.1,41.1,111,93,13,22.7
L18M07R1,7,18,Morden,OT14-03,west,2499.9,40.9,110,89,13.4,21.4
L18M07R2,7,18,Morden,OT14-03,west,2499.9,40.9,110,89,13.4,21.4
L18M07R3,7,18,Morden,OT14-03,west,2499.9,40.9,110,89,13.4,21.4
L18M08R1,8,18,Morden,AAC Springfield,west,2023,43.7,104,84,12.5,19.6
L18M08R2,8,18,Morden,AAC Springfield,west,2023,43.7,104,84,12.5,19.6
L18M08R3,8,18,Morden,AAC Springfield,west,2023,43.7,104,84,12.5,19.6
L18M09R1,9,18,Morden,Jari,west,2512.4,43,112,88,14.3,19.7
L18M09R2,9,18,Morden,Jari,west,2512.4,43,112,88,14.3,19.7
L18M09R3,9,18,Morden,Jari,west,2512.4,43,112,88,14.3,19.7
L18M10R1,10,18,Morden,AC Proteus,west,1993.3,47.6,112,89,13.7,16.6
L18M10R2,10,18,Morden,AC Proteus,west,1993.3,47.6,112,89,13.7,16.6
L18M10R3,10,18,Morden,AC Proteus,west,1993.3,47.6,112,89,13.7,16.6
L18O01R1,1,18,Ottawa,X5583-1-041-5-5,east,2650.8,42.4,104,50,18.7,22.5
L18O01R2,1,18,Ottawa,X5583-1-041-5-5,east,2650.8,42.4,104,50,18.7,22.5
L18O01R3,1,18,Ottawa,X5583-1-041-5-5,east,2650.8,42.4,104,50,18.7,22.5
L18O02R1,2,18,Ottawa,AC Harmony,east,2235.4,40,100,46,15.8,23.2
L18O02R2,2,18,Ottawa,AC Harmony,east,2235.4,40,100,46,15.8,23.2
L18O02R3,2,18,Ottawa,AC Harmony,east,2235.4,40,100,46,15.8,23.2
L18O03R1,3,18,Ottawa,AAC Halli,east,2497.1,44.3,101,49,21.4,21.1
L18O03R2,3,18,Ottawa,AAC Halli,east,2497.1,44.3,101,49,21.4,21.1
L18O03R3,3,18,Ottawa,AAC Halli,east,2497.1,44.3,101,49,21.4,21.1
L18O04R1b,4,18,Ottawa,90A01,east,2239.5,44.1,100,47,17.1,20.8
L18O04R2b,4,18,Ottawa,90A01,east,2239.5,44.1,100,47,17.1,20.8
L18O04R3b,4,18,Ottawa,90A01,east,2239.5,44.1,100,47,17.1,20.8
L18O05R1b,5,18,Ottawa,Maple Amber,east,2434,45.8,102,55,20.8,21
L18O05R2b,5,18,Ottawa,Maple Amber,east,2434,45.8,102,55,20.8,21
L18O05R3b,5,18,Ottawa,Maple Amber,east,2434,45.8,102,55,20.8,21
L18O06R1,6,18,Ottawa,OT13-08,east,3042.6,45.7,104,63,18.7,21.2
L18O06R2,6,18,Ottawa,OT13-08,east,3042.6,45.7,104,63,18.7,21.2
L18O06R3,6,18,Ottawa,OT13-08,east,3042.6,45.7,104,63,18.7,21.2
L18O07R1,7,18,Ottawa,OT14-03,east,2436.3,45.8,103,51,17.8,19.6
L18O07R2,7,18,Ottawa,OT14-03,east,2436.3,45.8,103,51,17.8,19.6
L18O07R3,7,18,Ottawa,OT14-03,east,2436.3,45.8,103,51,17.8,19.6
L18O08R1,8,18,Ottawa,AAC Springfield,east,2259.3,50.3,101,48,18.8,18.1
L18O08R2,8,18,Ottawa,AAC Springfield,east,2259.3,50.3,101,48,18.8,18.1
L18O08R3,8,18,Ottawa,AAC Springfield,east,2259.3,50.3,101,48,18.8,18.1
L18O09R2,9,18,Ottawa,Jari,east,3066.5,48.9,107,60,20.9,19.1
L18O09R3,9,18,Ottawa,Jari,east,3066.5,48.9,107,60,20.9,19.1
L18O10R1,10,18,Ottawa,AC Proteus,east,1862.4,52.1,107,65,18.4,16.2
L18O10R2,10,18,Ottawa,AC Proteus,east,1862.4,52.1,107,65,18.4,16.2
L18O10R3,10,18,Ottawa,AC Proteus,east,1862.4,52.1,107,65,18.4,16.2
L19B01R1,1,19,Brandon,X5583-1-041-5-5,west,2243.6,36.3,128,54,14.1,21.2
L19B01R2,1,19,Brandon,X5583-1-041-5-5,west,2243.6,36.3,128,54,14.1,21.2
L19B01R3,1,19,Brandon,X5583-1-041-5-5,west,2243.6,36.3,128,54,14.1,21.2
L19B02R1,2,19,Brandon,AC Harmony,west,1555.5,35.2,120,51,13.1,21.3
L19B02R3,2,19,Brandon,AC Harmony,west,1555.5,35.2,120,51,13.1,21.3
L19B03R1,3,19,Brandon,AAC Halli,west,1748.1,39,122,52,16.6,19.7
L19B03R2,3,19,Brandon,AAC Halli,west,1748.1,39,122,52,16.6,19.7
L19B03R3,3,19,Brandon,AAC Halli,west,1748.1,39,122,52,16.6,19.7
L19B04R1,4,19,Brandon,90A01,west,1169.4,40.2,117,44,14,20.1
L19B04R2,4,19,Brandon,90A01,west,1169.4,40.2,117,44,14,20.1
L19B04R3,4,19,Brandon,90A01,west,1169.4,40.2,117,44,14,20.1
L19B05R1,5,19,Brandon,Maple Amber,west,1686.4,39.3,119,58,14.8,20.3
L19B05R2,5,19,Brandon,Maple Amber,west,1686.4,39.3,119,58,14.8,20.3
L19B05R3,5,19,Brandon,Maple Amber,west,1686.4,39.3,119,58,14.8,20.3
L19B06R1,6,19,Brandon,OT13-08,west,1963.6,41.1,123,55,15.4,20.8
L19B06R2,6,19,Brandon,OT13-08,west,1963.6,41.1,123,55,15.4,20.8
L19B06R3,6,19,Brandon,OT13-08,west,1963.6,41.1,123,55,15.4,20.8
L19B07R1,7,19,Brandon,OT14-03,west,1716.9,41.9,121,52,14,18
L19B07R2,7,19,Brandon,OT14-03,west,1716.9,41.9,121,52,14,18
L19B07R3,7,19,Brandon,OT14-03,west,1716.9,41.9,121,52,14,18
L19B08R1,8,19,Brandon,AAC Springfield,west,1140.1,42.9,122,54,13.8,17.9
L19B08R2,8,19,Brandon,AAC Springfield,west,1140.1,42.9,122,54,13.8,17.9
L19B08R3,8,19,Brandon,AAC Springfield,west,1140.1,42.9,122,54,13.8,17.9
L19B09R1,9,19,Brandon,Jari,west,1196.1,41.3,131,56,16,18.3
L19B09R2,9,19,Brandon,Jari,west,1196.1,41.3,131,56,16,18.3
L19B09R3,9,19,Brandon,Jari,west,1196.1,41.3,131,56,16,18.3
L19B10R1,10,19,Brandon,AC Proteus,west,1115,46.2,130,58,14.5,15.9
L19B10R2,10,19,Brandon,AC Proteus,west,1115,46.2,130,58,14.5,15.9
L19B10R3,10,19,Brandon,AC Proteus,west,1115,46.2,130,58,14.5,15.9
L19M01R1,1,19,Morden,X5583-1-041-5-5,west,2088.8,37.3,124,94,16.8,22.2
L19M01R2,1,19,Morden,X5583-1-041-5-5,west,2088.8,37.3,124,94,16.8,22.2
L19M01R3,1,19,Morden,X5583-1-041-5-5,west,2088.8,37.3,124,94,16.8,22.2
L19M02R1,2,19,Morden,AC Harmony,west,1692.3,35.6,122,98,15,22.8
L19M02R2,2,19,Morden,AC Harmony,west,1692.3,35.6,122,98,15,22.8
L19M02R3,2,19,Morden,AC Harmony,west,1692.3,35.6,122,98,15,22.8
L19M03R1,3,19,Morden,AAC Halli,west,1276.9,38.2,116,103,17.8,21.7
L19M03R2,3,19,Morden,AAC Halli,west,1276.9,38.2,116,103,17.8,21.7
L19M03R3,3,19,Morden,AAC Halli,west,1276.9,38.2,116,103,17.8,21.7
L19M04R1,4,19,Morden,90A01,west,1274.2,39.5,115,89,17.2,21.3
L19M04R2,4,19,Morden,90A01,west,1274.2,39.5,115,89,17.2,21.3
L19M04R3,4,19,Morden,90A01,west,1274.2,39.5,115,89,17.2,21.3
L19M05R1,5,19,Morden,Maple Amber,west,1609.3,40.1,117,99,17.1,21.6
L19M05R2,5,19,Morden,Maple Amber,west,1609.3,40.1,117,99,17.1,21.6
L19M05R3,5,19,Morden,Maple Amber,west,1609.3,40.1,117,99,17.1,21.6
L19M06R1,6,19,Morden,OT13-08,west,1945.7,41.6,124,94,17.3,21.7
L19M06R2,6,19,Morden,OT13-08,west,1945.7,41.6,124,94,17.3,21.7
L19M06R3,6,19,Morden,OT13-08,west,1945.7,41.6,124,94,17.3,21.7
L19M07R1,7,19,Morden,OT14-03,west,1655.8,42.1,119,97,16.4,20
L19M07R2,7,19,Morden,OT14-03,west,1655.8,42.1,119,97,16.4,20
L19M07R3,7,19,Morden,OT14-03,west,1655.8,42.1,119,97,16.4,20
L19M08R1,8,19,Morden,AAC Springfield,west,1345.8,43.2,120,89,16.7,19.5
L19M08R2,8,19,Morden,AAC Springfield,west,1345.8,43.2,120,89,16.7,19.5
L19M08R3,8,19,Morden,AAC Springfield,west,1345.8,43.2,120,89,16.7,19.5
L19M09R1,9,19,Morden,Jari,west,2353.9,42.3,126,95,18.2,19.7
L19M09R2,9,19,Morden,Jari,west,2353.9,42.3,126,95,18.2,19.7
L19M09R3,9,19,Morden,Jari,west,2353.9,42.3,126,95,18.2,19.7
L19M10R1,10,19,Morden,AC Proteus,west,1824.1,46.9,121,99,17.7,16.7
L19M10R2,10,19,Morden,AC Proteus,west,1824.1,46.9,121,99,17.7,16.7
L19M10R3,10,19,Morden,AC Proteus,west,1824.1,46.9,121,99,17.7,16.7
L19O01R1,1,19,Ottawa,X5583-1-041-5-5,east,2732,38.9,106,64,15,23
L19O01R2,1,19,Ottawa,X5583-1-041-5-5,east,2732,38.9,106,64,15,23
L19O01R3,1,19,Ottawa,X5583-1-041-5-5,east,2732,38.9,106,64,15,23
L19O02R1,2,19,Ottawa,AC Harmony,east,2448,37.5,103,59,13.6,23.4
L19O02R2,2,19,Ottawa,AC Harmony,east,2448,37.5,103,59,13.6,23.4
L19O02R3,2,19,Ottawa,AC Harmony,east,2448,37.5,103,59,13.6,23.4
L19O03R1,3,19,Ottawa,AAC Halli,east,2457.6,38.9,100,64,16.7,22.1
L19O03R2,3,19,Ottawa,AAC Halli,east,2457.6,38.9,100,64,16.7,22.1
L19O03R3,3,19,Ottawa,AAC Halli,east,2457.6,38.9,100,64,16.7,22.1
L19O04R1,4,19,Ottawa,90A01,east,2332.7,40.9,98,57,14.6,21.5
L19O04R2,4,19,Ottawa,90A01,east,2332.7,40.9,98,57,14.6,21.5
L19O04R3,4,19,Ottawa,90A01,east,2332.7,40.9,98,57,14.6,21.5
L19O05R1,5,19,Ottawa,Maple Amber,east,2231,40.9,97,62,14.9,22.1
L19O05R2,5,19,Ottawa,Maple Amber,east,2231,40.9,97,62,14.9,22.1
L19O05R3,5,19,Ottawa,Maple Amber,east,2231,40.9,97,62,14.9,22.1
L19O06R1,6,19,Ottawa,OT13-08,east,2545.1,42.3,108,73,14.9,21.9
L19O06R2,6,19,Ottawa,OT13-08,east,2545.1,42.3,108,73,14.9,21.9
L19O06R3,6,19,Ottawa,OT13-08,east,2545.1,42.3,108,73,14.9,21.9
L19O07R1,7,19,Ottawa,OT14-03,east,2538.2,41.7,108,65,14.5,20.4
L19O07R2,7,19,Ottawa,OT14-03,east,2538.2,41.7,108,65,14.5,20.4
L19O07R3,7,19,Ottawa,OT14-03,east,2538.2,41.7,108,65,14.5,20.4
L19O08R1,8,19,Ottawa,AAC Springfield,east,2047.2,45.1,98,58,13.7,18.5
L19O08R2,8,19,Ottawa,AAC Springfield,east,2047.2,45.1,98,58,13.7,18.5
L19O08R3,8,19,Ottawa,AAC Springfield,east,2047.2,45.1,98,58,13.7,18.5
L19O09R1,9,19,Ottawa,Jari,east,2646.8,44.3,108,71,16,19
L19O09R2,9,19,Ottawa,Jari,east,2646.8,44.3,108,71,16,19
L19O09R3,9,19,Ottawa,Jari,east,2646.8,44.3,108,71,16,19
L19O10R1,10,19,Ottawa,AC Proteus,east,1975.1,47.5,108,73,15.2,16.7
L19O10R2,10,19,Ottawa,AC Proteus,east,1975.1,47.5,108,73,15.2,16.7
L19O10R3,10,19,Ottawa,AC Proteus,east,1975.1,47.5,108,73,15.2,16.7
L19S01R2,1,19,Saskatoon,X5583-1-041-5-5,west,1846.2,37.7,131,53,15.3,19.3
L19S01R3,1,19,Saskatoon,X5583-1-041-5-5,west,1846.2,37.7,131,53,15.3,19.3
L19S02R1,2,19,Saskatoon,AC Harmony,west,2020.5,37.5,125,55,14.5,19.3
L19S02R2,2,19,Saskatoon,AC Harmony,west,2020.5,37.5,125,55,14.5,19.3
L19S02R3,2,19,Saskatoon,AC Harmony,west,2020.5,37.5,125,55,14.5,19.3
L19S03R1,3,19,Saskatoon,AAC Halli,west,1548.2,38.9,123,56,17.5,18.9
L19S03R2,3,19,Saskatoon,AAC Halli,west,1548.2,38.9,123,56,17.5,18.9
L19S03R3,3,19,Saskatoon,AAC Halli,west,1548.2,38.9,123,56,17.5,18.9
L19S04R1,4,19,Saskatoon,90A01,west,1818.7,39.8,125,54,16.1,18.5
L19S04R3,4,19,Saskatoon,90A01,west,1818.7,39.8,125,54,16.1,18.5
L19S05R1,5,19,Saskatoon,Maple Amber,west,1423.7,40.1,126,58,16,18.7
L19S05R2,5,19,Saskatoon,Maple Amber,west,1423.7,40.1,126,58,16,18.7
L19S05R3,5,19,Saskatoon,Maple Amber,west,1423.7,40.1,126,58,16,18.7
L19S06R1,6,19,Saskatoon,OT13-08,west,1878.4,40.7,129,57,15.3,20
L19S06R2,6,19,Saskatoon,OT13-08,west,1878.4,40.7,129,57,15.3,20
L19S06R3,6,19,Saskatoon,OT13-08,west,1878.4,40.7,129,57,15.3,20
L19S07R1,7,19,Saskatoon,OT14-03,west,1758.6,40.8,122,56,14.6,18.1
L19S07R2,7,19,Saskatoon,OT14-03,west,1758.6,40.8,122,56,14.6,18.1
L19S07R3,7,19,Saskatoon,OT14-03,west,1758.6,40.8,122,56,14.6,18.1
L19S08R1,8,19,Saskatoon,AAC Springfield,west,1490.5,45.2,125,53,15.2,16.6
L19S08R2,8,19,Saskatoon,AAC Springfield,west,1490.5,45.2,125,53,15.2,16.6
L19S08R3,8,19,Saskatoon,AAC Springfield,west,1490.5,45.2,125,53,15.2,16.6
L19S09R1,9,19,Saskatoon,Jari,west,1366.8,43.5,130,60,16.5,17.3
L19S09R2,9,19,Saskatoon,Jari,west,1366.8,43.5,130,60,16.5,17.3
L19S09R3,9,19,Saskatoon,Jari,west,1366.8,43.5,130,60,16.5,17.3
L19S10R1,10,19,Saskatoon,AC Proteus,west,1058.9,47,133,54,14.3,16.3
L19S10R2,10,19,Saskatoon,AC Proteus,west,1058.9,47,133,54,14.3,16.3
L20M01R1,1,20,Morden,X5583-1-041-5-5,west,4617.9,37.3,113,101,15.3,22.5
L20M01R2,1,20,Morden,X5583-1-041-5-5,west,4617.9,37.3,113,101,15.3,22.5
L20M01R3,1,20,Morden,X5583-1-041-5-5,west,4617.9,37.3,113,101,15.3,22.5
L20M02R1,2,20,Morden,AC Harmony,west,4283.6,36.3,109,103,13.9,22.9
L20M02R2,2,20,Morden,AC Harmony,west,4283.6,36.3,109,103,13.9,22.9
L20M02R3,2,20,Morden,AC Harmony,west,4283.6,36.3,109,103,13.9,22.9
L20M03R1,3,20,Morden,AAC Halli,west,4592.2,39.1,107,103,18.3,21.5
L20M03R2,3,20,Morden,AAC Halli,west,4592.2,39.1,107,103,18.3,21.5
L20M03R3,3,20,Morden,AAC Halli,west,4592.2,39.1,107,103,18.3,21.5
L20M04R1,4,20,Morden,90A01,west,4587.8,39.8,106,98,15.9,21.4
L20M04R2,4,20,Morden,90A01,west,4587.8,39.8,106,98,15.9,21.4
L20M04R3,4,20,Morden,90A01,west,4587.8,39.8,106,98,15.9,21.4
L20M05R1,5,20,Morden,Maple Amber,west,3996.4,39.7,109,103,15.8,21.4
L20M05R2,5,20,Morden,Maple Amber,west,3996.4,39.7,109,103,15.8,21.4
L20M05R3,5,20,Morden,Maple Amber,west,3996.4,39.7,109,103,15.8,21.4
L20M06R1,6,20,Morden,OT13-08,west,4661.3,40.6,111,102,15.6,22
L20M06R2,6,20,Morden,OT13-08,west,4661.3,40.6,111,102,15.6,22
L20M06R3,6,20,Morden,OT13-08,west,4661.3,40.6,111,102,15.6,22
L20M07R1,7,20,Morden,OT14-03,west,4287,41.2,107,101,16.3,20.2
L20M07R2,7,20,Morden,OT14-03,west,4287,41.2,107,101,16.3,20.2
L20M07R3,7,20,Morden,OT14-03,west,4287,41.2,107,101,16.3,20.2
L20M08R1,8,20,Morden,AAC Springfield,west,3837.8,43.6,105,106,16.4,18.9
L20M08R2,8,20,Morden,AAC Springfield,west,3837.8,43.6,105,106,16.4,18.9
L20M08R3,8,20,Morden,AAC Springfield,west,3837.8,43.6,105,106,16.4,18.9
L20M09R1,9,20,Morden,Jari,west,4205,42.4,115,108,16.3,19.3
L20M09R2,9,20,Morden,Jari,west,4205,42.4,115,108,16.3,19.3
L20M09R3,9,20,Morden,Jari,west,4205,42.4,115,108,16.3,19.3
L20M10R1,10,20,Morden,AC Proteus,west,3479.5,45.1,113,108,15,17.4
L20M10R2,10,20,Morden,AC Proteus,west,3479.5,45.1,113,108,15,17.4
L20M10R3,10,20,Morden,AC Proteus,west,3479.5,45.1,113,108,15,17.4
L20O01R1,1,20,Ottawa,X5583-1-041-5-5,east,3541.6,40.7,111,54,20.6,22.2
L20O01R2,1,20,Ottawa,X5583-1-041-5-5,east,3541.6,40.7,111,54,20.6,22.2
L20O01R3,1,20,Ottawa,X5583-1-041-5-5,east,3541.6,40.7,111,54,20.6,22.2
L20O02R1,2,20,Ottawa,AC Harmony,east,3159.4,39.7,108,56,19.3,23.3
L20O02R2,2,20,Ottawa,AC Harmony,east,3159.4,39.7,108,56,19.3,23.3
L20O02R3,2,20,Ottawa,AC Harmony,east,3159.4,39.7,108,56,19.3,23.3
L20O03R1,3,20,Ottawa,AAC Halli,east,3157.8,42.4,104,57,23.9,21.2
L20O03R2,3,20,Ottawa,AAC Halli,east,3157.8,42.4,104,57,23.9,21.2
L20O03R3,3,20,Ottawa,AAC Halli,east,3157.8,42.4,104,57,23.9,21.2
L20O04R1,4,20,Ottawa,90A01,east,2853.4,43.2,102,50,19.5,20.9
L20O04R2,4,20,Ottawa,90A01,east,2853.4,43.2,102,50,19.5,20.9
L20O04R3,4,20,Ottawa,90A01,east,2853.4,43.2,102,50,19.5,20.9
L20O05R1,5,20,Ottawa,Maple Amber,east,2784.2,42.6,103,58,20,21.6
L20O05R2,5,20,Ottawa,Maple Amber,east,2784.2,42.6,103,58,20,21.6
L20O05R3,5,20,Ottawa,Maple Amber,east,2784.2,42.6,103,58,20,21.6
L20O06R1,6,20,Ottawa,OT13-08,east,3462.8,44.6,111,64,21.1,21.1
L20O06R2,6,20,Ottawa,OT13-08,east,3462.8,44.6,111,64,21.1,21.1
L20O06R3,6,20,Ottawa,OT13-08,east,3462.8,44.6,111,64,21.1,21.1
L20O07R1,7,20,Ottawa,OT14-03,east,3336.7,45.3,110,53,20.5,19.4
L20O07R2,7,20,Ottawa,OT14-03,east,3336.7,45.3,110,53,20.5,19.4
L20O07R3,7,20,Ottawa,OT14-03,east,3336.7,45.3,110,53,20.5,19.4
L20O08R1,8,20,Ottawa,AAC Springfield,east,2790.8,47,103,55,20,18.6
L20O08R2,8,20,Ottawa,AAC Springfield,east,2790.8,47,103,55,20,18.6
L20O08R3,8,20,Ottawa,AAC Springfield,east,2790.8,47,103,55,20,18.6
L20O09R1,9,20,Ottawa,Jari,east,3631.5,47.2,114,64,22.6,19.1
L20O09R2,9,20,Ottawa,Jari,east,3631.5,47.2,114,64,22.6,19.1
L20O10R1,10,20,Ottawa,AC Proteus,east,2789,50.7,114,65,21.9,16.1
L20O10R2,10,20,Ottawa,AC Proteus,east,2789,50.7,114,65,21.9,16.1
L20O10R3,10,20,Ottawa,AC Proteus,east,2789,50.7,114,65,21.9,16.1
L20S01R1,1,20,Saskatoon,X5583-1-041-5-5,west,2715.4,38.9,127,NA,13.6,20.5
L20S01R2,1,20,Saskatoon,X5583-1-041-5-5,west,2715.4,38.9,127,NA,13.6,20.5
L20S01R3,1,20,Saskatoon,X5583-1-041-5-5,west,2715.4,38.9,127,NA,13.6,20.5
L20S02R1,2,20,Saskatoon,AC Harmony,west,2238.2,39.2,126,NA,12.9,21
L20S02R2,2,20,Saskatoon,AC Harmony,west,2238.2,39.2,126,NA,12.9,21
L20S02R3,2,20,Saskatoon,AC Harmony,west,2238.2,39.2,126,NA,12.9,21
L20S03R1,3,20,Saskatoon,AAC Halli,west,2426.7,40.3,122,NA,16.5,19.9
L20S03R2,3,20,Saskatoon,AAC Halli,west,2426.7,40.3,122,NA,16.5,19.9
L20S03R3,3,20,Saskatoon,AAC Halli,west,2426.7,40.3,122,NA,16.5,19.9
L20S04R1,4,20,Saskatoon,90A01,west,2501.2,41.3,116,NA,15.2,20.1
L20S04R2,4,20,Saskatoon,90A01,west,2501.2,41.3,116,NA,15.2,20.1
L20S04R3,4,20,Saskatoon,90A01,west,2501.2,41.3,116,NA,15.2,20.1
L20S05R1,5,20,Saskatoon,Maple Amber,west,1702.1,40.1,123,NA,14.6,20.1
L20S05R2,5,20,Saskatoon,Maple Amber,west,1702.1,40.1,123,NA,14.6,20.1
L20S05R3,5,20,Saskatoon,Maple Amber,west,1702.1,40.1,123,NA,14.6,20.1
L20S06R1,6,20,Saskatoon,OT13-08,west,2261.8,41.5,121,NA,13.4,20.5
L20S06R2,6,20,Saskatoon,OT13-08,west,2261.8,41.5,121,NA,13.4,20.5
L20S06R3,6,20,Saskatoon,OT13-08,west,2261.8,41.5,121,NA,13.4,20.5
L20S07R1,7,20,Saskatoon,OT14-03,west,1880,42.6,127,NA,14.2,18.7
L20S07R2,7,20,Saskatoon,OT14-03,west,1880,42.6,127,NA,14.2,18.7
L20S08R2,8,20,Saskatoon,AAC Springfield,west,2023.8,46.6,122,NA,14.7,17.5
L20S08R3,8,20,Saskatoon,AAC Springfield,west,2023.8,46.6,122,NA,14.7,17.5
L20S09R1,9,20,Saskatoon,Jari,west,1630.7,43.8,128,NA,13.5,17.5
L20S09R2,9,20,Saskatoon,Jari,west,1630.7,43.8,128,NA,13.5,17.5
L20S10R1,10,20,Saskatoon,AC Proteus,west,1447.7,46.4,128,NA,13.1,15.7
L20S10R2,10,20,Saskatoon,AC Proteus,west,1447.7,46.4,128,NA,13.1,15.7
L20S10R3,10,20,Saskatoon,AC Proteus,west,1447.7,46.4,128,NA,13.1,15.7
L21B01R2,1,21,Brandon,X5583-1-041-5-5,west,3876.3,33.3,125,70,13.6,22.6
L21B02R1,2,21,Brandon,AC Harmony,west,3153.2,32.8,126,60,13.1,22.3
L21B02R2,2,21,Brandon,AC Harmony,west,3153.2,32.8,126,60,13.1,22.3
L21B02R3_redo,2,21,Brandon,AC Harmony,west,3153.2,32.8,126,60,13.1,22.3
L21B03R1,3,21,Brandon,AAC Halli,west,3965.6,36.4,117,71,16.4,21.2
L21B03R2_redo,3,21,Brandon,AAC Halli,west,3965.6,36.4,117,71,16.4,21.2
L21B03R3,3,21,Brandon,AAC Halli,west,3965.6,36.4,117,71,16.4,21.2
L21B04R2_redo,4,21,Brandon,90A01,west,3679.2,38.3,116,71,14.1,21
L21B04R3_redo,4,21,Brandon,90A01,west,3679.2,38.3,116,71,14.1,21
L21B05R1_redo,5,21,Brandon,Maple Amber,west,3560.9,37.6,118,82,14,21
L21B05R2_redo,5,21,Brandon,Maple Amber,west,3560.9,37.6,118,82,14,21
L21B05R3_redo,5,21,Brandon,Maple Amber,west,3560.9,37.6,118,82,14,21
L21B06R1_redo,6,21,Brandon,OT13-08,west,4002.7,38.6,123,79,13.9,21.9
L21B06R2_redo,6,21,Brandon,OT13-08,west,4002.7,38.6,123,79,13.9,21.9
L21B06R3_redo,6,21,Brandon,OT13-08,west,4002.7,38.6,123,79,13.9,21.9
L21B07R1_redo,7,21,Brandon,OT14-03,west,3262.5,40.4,120,72,14.1,19.2
L21B07R2_redo,7,21,Brandon,OT14-03,west,3262.5,40.4,120,72,14.1,19.2
L21B07R3_redo,7,21,Brandon,OT14-03,west,3262.5,40.4,120,72,14.1,19.2
L21B08R2_redo,8,21,Brandon,AAC Springfield,west,3815,40.1,120,67,13.3,19.2
L21B08R3_redo,8,21,Brandon,AAC Springfield,west,3815,40.1,120,67,13.3,19.2
L21B09R1,9,21,Brandon,Jari,west,3783.6,40.5,128,81,15.6,19
L21B09R2,9,21,Brandon,Jari,west,3783.6,40.5,128,81,15.6,19
L21B10R1,10,21,Brandon,AC Proteus,west,2582.5,44.7,125,72,14.2,16.5
L21B10R3,10,21,Brandon,AC Proteus,west,2582.5,44.7,125,72,14.2,16.5
L21M01R2_redo,1,21,Morden,X5583-1-041-5-5,west,556.4,41.4,133,34,18.6,21.2
L21M01R3,1,21,Morden,X5583-1-041-5-5,west,556.4,41.4,133,34,18.6,21.2
L21M02R1,2,21,Morden,AC Harmony,west,530.7,37,118,36,14.4,23.6
L21M02R2_redo,2,21,Morden,AC Harmony,west,530.7,37,118,36,14.4,23.6
L21M02R3,2,21,Morden,AC Harmony,west,530.7,37,118,36,14.4,23.6
L21M03R1,3,21,Morden,AAC Halli,west,1112.4,41.1,122,45,19.4,20.1
L21M03R2,3,21,Morden,AAC Halli,west,1112.4,41.1,122,45,19.4,20.1
L21M03R3,3,21,Morden,AAC Halli,west,1112.4,41.1,122,45,19.4,20.1
L21M04R1,4,21,Morden,90A01,west,603.1,41.4,118,34,17,20.8
L21M04R2_redo,4,21,Morden,90A01,west,603.1,41.4,118,34,17,20.8
L21M04R3_redo,4,21,Morden,90A01,west,603.1,41.4,118,34,17,20.8
L21M05R1,5,21,Morden,Maple Amber,west,373.1,41.7,116,38,17.1,20.5
L21M05R3_redo,5,21,Morden,Maple Amber,west,373.1,41.7,116,38,17.1,20.5
L21M06R1_redo,6,21,Morden,OT13-08,west,774.7,43.3,131,40,18.4,21.2
L21M06R2,6,21,Morden,OT13-08,west,774.7,43.3,131,40,18.4,21.2
L21M06R3,6,21,Morden,OT13-08,west,774.7,43.3,131,40,18.4,21.2
L21M07R1_redo,7,21,Morden,OT14-03,west,809.2,43.9,131,41,16.3,19.5
L21M07R2_redo,7,21,Morden,OT14-03,west,809.2,43.9,131,41,16.3,19.5
L21M07R3_redo,7,21,Morden,OT14-03,west,809.2,43.9,131,41,16.3,19.5
L21M08R1_redo,8,21,Morden,AAC Springfield,west,805.8,45.1,131,42,17.6,18.2
L21M08R2_redo,8,21,Morden,AAC Springfield,west,805.8,45.1,131,42,17.6,18.2
L21M08R3,8,21,Morden,AAC Springfield,west,805.8,45.1,131,42,17.6,18.2
L21M09R1_redo,9,21,Morden,Jari,west,1341.5,45.9,133,51,20.1,18.7
L21M09R2_redo,9,21,Morden,Jari,west,1341.5,45.9,133,51,20.1,18.7
L21M09R3_redo,9,21,Morden,Jari,west,1341.5,45.9,133,51,20.1,18.7
L21M10R2_redo,10,21,Morden,AC Proteus,west,742,49.3,131,50,18.3,16.1
L21M10R3_redo,10,21,Morden,AC Proteus,west,742,49.3,131,50,18.3,16.1
L21O01R1,1,21,Ottawa,X5583-1-041-5-5,east,2726.6,39.6,100,69,14.9,23.4
L21O01R2,1,21,Ottawa,X5583-1-041-5-5,east,2726.6,39.6,100,69,14.9,23.4
L21O02R1,2,21,Ottawa,AC Harmony,east,2515.8,39.2,99,77,14.1,24
L21O02R2,2,21,Ottawa,AC Harmony,east,2515.8,39.2,99,77,14.1,24
L21O02R3,2,21,Ottawa,AC Harmony,east,2515.8,39.2,99,77,14.1,24
L21O03R1,3,21,Ottawa,AAC Halli,east,2870.1,40.8,99,77,17.3,22.3
L21O03R2,3,21,Ottawa,AAC Halli,east,2870.1,40.8,99,77,17.3,22.3
L21O03R3,3,21,Ottawa,AAC Halli,east,2870.1,40.8,99,77,17.3,22.3
L21O04R1,4,21,Ottawa,90A01,east,2668.2,41,99,73,15.9,22.3
L21O04R2,4,21,Ottawa,90A01,east,2668.2,41,99,73,15.9,22.3
L21O04R3,4,21,Ottawa,90A01,east,2668.2,41,99,73,15.9,22.3
L21O05R1,5,21,Ottawa,Maple Amber,east,2618.3,41.7,101,83,16.6,22.6
L21O05R2_redo,5,21,Ottawa,Maple Amber,east,2618.3,41.7,101,83,16.6,22.6
L21O05R3,5,21,Ottawa,Maple Amber,east,2618.3,41.7,101,83,16.6,22.6
L21O06R1,6,21,Ottawa,OT13-08,east,2687.6,42.6,102,79,15.7,22.6
L21O06R2,6,21,Ottawa,OT13-08,east,2687.6,42.6,102,79,15.7,22.6
L21O06R3,6,21,Ottawa,OT13-08,east,2687.6,42.6,102,79,15.7,22.6
L21O07R1,7,21,Ottawa,OT14-03,east,2657,42,103,75,16.2,21.4
L21O07R3,7,21,Ottawa,OT14-03,east,2657,42,103,75,16.2,21.4
L21O08R1,8,21,Ottawa,AAC Springfield,east,2363.3,46.3,97,73,16.1,18.9
L21O08R2,8,21,Ottawa,AAC Springfield,east,2363.3,46.3,97,73,16.1,18.9
L21O08R3,8,21,Ottawa,AAC Springfield,east,2363.3,46.3,97,73,16.1,18.9
L21O09R1,9,21,Ottawa,Jari,east,2871.9,45.2,104,82,17.3,19.4
L21O09R2,9,21,Ottawa,Jari,east,2871.9,45.2,104,82,17.3,19.4
L21O09R3,9,21,Ottawa,Jari,east,2871.9,45.2,104,82,17.3,19.4
L21O10R1,10,21,Ottawa,AC Proteus,east,2460.1,47.2,103,84,17.1,17.5
L21O10R2,10,21,Ottawa,AC Proteus,east,2460.1,47.2,103,84,17.1,17.5
L21O10R3,10,21,Ottawa,AC Proteus,east,2460.1,47.2,103,84,17.1,17.5
L21S01R1,1,21,Saskatoon,X5583-1-041-5-5,west,3039.4,38.7,127,NA,17.4,20.2
L21S01R2,1,21,Saskatoon,X5583-1-041-5-5,west,3039.4,38.7,127,NA,17.4,20.2
L21S01R3,1,21,Saskatoon,X5583-1-041-5-5,west,3039.4,38.7,127,NA,17.4,20.2
L21S02R1_redo,2,21,Saskatoon,AC Harmony,west,2725.8,37.3,122,NA,15.2,21.6
L21S02R2,2,21,Saskatoon,AC Harmony,west,2725.8,37.3,122,NA,15.2,21.6
L21S02R3,2,21,Saskatoon,AC Harmony,west,2725.8,37.3,122,NA,15.2,21.6
L21S03R1,3,21,Saskatoon,AAC Halli,west,2948.1,38.3,121,NA,18.3,20.8
L21S03R2,3,21,Saskatoon,AAC Halli,west,2948.1,38.3,121,NA,18.3,20.8
L21S03R3,3,21,Saskatoon,AAC Halli,west,2948.1,38.3,121,NA,18.3,20.8
L21S04R1,4,21,Saskatoon,90A01,west,2629.3,39.9,121,NA,16.4,20.5
L21S04R2,4,21,Saskatoon,90A01,west,2629.3,39.9,121,NA,16.4,20.5
L21S04R3,4,21,Saskatoon,90A01,west,2629.3,39.9,121,NA,16.4,20.5
L21S05R1,5,21,Saskatoon,Maple Amber,west,2601.7,40.2,124,NA,18.2,19.4
L21S05R2,5,21,Saskatoon,Maple Amber,west,2601.7,40.2,124,NA,18.2,19.4
L21S05R3,5,21,Saskatoon,Maple Amber,west,2601.7,40.2,124,NA,18.2,19.4
L21S06R1,6,21,Saskatoon,OT13-08,west,2633.7,41.3,125,NA,17.2,20.9
L21S06R2,6,21,Saskatoon,OT13-08,west,2633.7,41.3,125,NA,17.2,20.9
L21S06R3,6,21,Saskatoon,OT13-08,west,2633.7,41.3,125,NA,17.2,20.9
L21S07R1,7,21,Saskatoon,OT14-03,west,2712.3,42,123,NA,16.6,18.8
L21S07R2,7,21,Saskatoon,OT14-03,west,2712.3,42,123,NA,16.6,18.8
L21S07R3,7,21,Saskatoon,OT14-03,west,2712.3,42,123,NA,16.6,18.8
L21S08R1,8,21,Saskatoon,AAC Springfield,west,2533,45.9,121,NA,17.3,17.2
L21S08R2,8,21,Saskatoon,AAC Springfield,west,2533,45.9,121,NA,17.3,17.2
L21S08R3,8,21,Saskatoon,AAC Springfield,west,2533,45.9,121,NA,17.3,17.2
L21S09R1,9,21,Saskatoon,Jari,west,2889.3,43.1,127,NA,18.7,17.7
L21S09R2,9,21,Saskatoon,Jari,west,2889.3,43.1,127,NA,18.7,17.7
L21S09R3,9,21,Saskatoon,Jari,west,2889.3,43.1,127,NA,18.7,17.7
L21S10R1,10,21,Saskatoon,AC Proteus,west,1931.8,48.5,126,NA,16.5,15.2
L21S10R2,10,21,Saskatoon,AC Proteus,west,1931.8,48.5,126,NA,16.5,15.2
L21S10R3,10,21,Saskatoon,AC Proteus,west,1931.8,48.5,126,NA,16.5,15.2
