,Genotype,Time,Treatment,Replicate
IRLS0D1,IR64,0,Severe_Drought,1
IRLS0D2,IR64,0,Severe_Drought,2
IRLS0D3,IR64,0,Severe_Drought,3
IRLS1D1,IR64,1,Severe_Drought,1
IRLS1D2,IR64,1,Severe_Drought,2
IRLS1D3,IR64,1,Severe_Drought,3
IRLS2D1,IR64,2,Severe_Drought,1
IRLS2D2,IR64,2,Severe_Drought,2
IRLS2D3,IR64,2,Severe_Drought,3
IRLS3D1,IR64,3,Severe_Drought,1
IRLS3D2,IR64,3,Severe_Drought,2
IRLS3D3,IR64,3,Severe_Drought,3
IRLS4D1,IR64,4,Severe_Drought,1
IRLS4D2,IR64,4,Severe_Drought,2
IRLS4D3,IR64,4,Severe_Drought,3
IRLS5D1,IR64,5,Severe_Drought,1
IRLS5D2,IR64,5,Severe_Drought,2
IRLS5D3,IR64,5,Severe_Drought,3
IRLS6D1,IR64,6,Severe_Drought,1
IRLS6D2,IR64,6,Severe_Drought,2
IRLS6D3,IR64,6,Severe_Drought,3
IRLS7D1,IR64,7,Severe_Drought,1
IRLS7D2,IR64,7,Severe_Drought,2
IRLS7D3,IR64,7,Severe_Drought,3
IRLS8D1,IR64,8,Severe_Drought,1
IRLS8D2,IR64,8,Severe_Drought,2
IRLS8D3,IR64,8,Severe_Drought,3
IRLS9D1,IR64,9,Severe_Drought,1
IRLS9D2,IR64,9,Severe_Drought,2
IRLS9D3,IR64,9,Severe_Drought,3
IRLS10D1,IR64,10,Severe_Drought,1
IRLS10D2,IR64,10,Severe_Drought,2
IRLS10D3,IR64,10,Severe_Drought,3
IRLS11D1,IR64,11,Severe_Drought,1
IRLS11D2,IR64,11,Severe_Drought,2
IRLS11D3,IR64,11,Severe_Drought,3
IRLS12D1,IR64,12,Severe_Drought,1
IRLS12D2,IR64,12,Severe_Drought,2
IRLS12D3,IR64,12,Severe_Drought,3
