"Module","Module_Size","DE_in_Module","Expected_DE","Enrichment_P","Enrichment_FDR"
"darkorange2",67,52,8.09755850471077,7.31391253338104e-35,4.60776489603005e-33
"darkgreen",145,67,17.52456691318,2.21356072177692e-24,6.9727162735973e-23
"red",1718,289,207.635903150643,1.85054257249718e-09,3.88613940224408e-08
"white",112,36,13.5362172019046,1.85102832772699e-08,2.91536961617001e-07
"blue",3166,478,382.639854118124,5.08555024589214e-08,6.4077933098241e-07
"purple",824,150,99.5878836997265,1.61748886724278e-07,1.69836331060492e-06
"thistle2",46,16,5.55951777935366,5.55346625273992e-05,0.000499811962746593
"plum1",85,22,10.2730219835883,0.000376504889639898,0.00296497600591419
"orange",133,29,16.0742579272617,0.001092270233441,0.00764589163408701
"brown",2806,387,339.130584540573,0.00225132661552208,0.0141833576777891
"floralwhite",69,17,8.33927666903049,0.0029450023314715,0.0168668315347913
"salmon",310,54,37.4663154695573,0.00364159618427537,0.0191183799674457
"salmon4",43,11,5.19694053287408,0.0114439316954461,0.0554590536010081
"antiquewhite4",32,8,3.86749062911559,0.0330780943192639,0.148851424436687
"darkmagenta",91,16,10.9981764765475,0.0785309510044551,0.329829994218711
"pink",1515,200,183.101509472191,0.0933627891886368,0.367615982430257
"orangered4",76,12,9.18529024414953,0.202849750137757,0.75173730933404
"violet",100,15,12.0859082159862,0.223746318428605,0.783112114500119
"steelblue",106,15,12.8110627089454,0.29740443187324,0.923934608800227
"midnightblue",256,34,30.9399250329247,0.3046869819486,0.923934608800227
"honeydew1",38,6,4.59264512207476,0.307978202933409,0.923934608800227
"greenyellow",528,7,63.8135953804073,1,1
"maroon",42,0,5.07608145071421,1,1
"coral1",33,0,3.98834971127545,1,1
"yellow",1878,112,226.973356296221,1,1
"turquoise",3955,461,477.997669942255,0.820230258194041,1
"sienna3",88,7,10.6355992300679,0.919267717490054,1
"navajowhite2",42,1,5.07608145071421,0.995546319037286,1
"green",1754,119,211.986830108398,0.999999999999983,1
"darkolivegreen",94,3,11.360753723027,0.999475094240494,1
"mediumpurple3",75,3,9.06443116198967,0.995968923694629,1
"paleturquoise",101,4,12.2067672981461,0.998800452084848,1
"skyblue3",85,7,10.2730219835883,0.901487288235034,1
"grey60",238,4,28.7644615540472,0.999999999723714,1
"black",1710,181,206.669030493364,0.978691865988035,1
"brown4",63,6,7.61412217607132,0.78869649206642,1
"darkturquoise",136,9,16.4368351737413,0.98751349269597,1
"magenta",1082,122,130.769526896971,0.810121001610963,1
"lightgreen",200,8,24.1718164319724,0.999982527225401,1
"darkorange",120,2,14.5030898591835,0.99999670830581,1
"darkgrey",136,8,16.4368351737413,0.994842300586041,1
"saddlebrown",108,12,13.0527808732651,0.666001895923385,1
"darkred",196,23,23.688380103333,0.59300928457054,1
"skyblue",111,6,13.4153581197447,0.9944231534085,1
"royalblue",196,19,23.688380103333,0.875172795631343,1
"tan",468,59,56.5620504508155,0.384724656905647,1
"bisque4",51,5,6.16381319015297,0.754085707560473,1
"cyan",278,24,33.5988248404417,0.973487410185912,1
"darkslateblue",50,2,6.04295410799311,0.9874874628239,1
"lightpink4",40,3,4.83436328639449,0.877283653407885,1
"lightyellow",197,18,23.8092391854929,0.921283831984022,1
"lightcyan",254,17,30.698206868605,0.998404511231237,1
"darkseagreen4",33,2,3.98834971127545,0.92119581374715,1
"mediumorchid",31,2,3.74663154695573,0.903081539911266,1
"lightsteelblue1",71,3,8.58099483335022,0.993883732942183,1
"palevioletred3",43,0,5.19694053287408,1,1
"coral2",31,0,3.74663154695573,1,1
"yellowgreen",86,5,10.3938810657482,0.983019672509356,1
"lightcyan1",70,4,8.46013575119036,0.976029115554596,1
"plum2",46,5,5.55951777935366,0.667334518227476,1
"thistle1",44,6,5.31779961503394,0.443092662253017,1
"ivory",70,4,8.46013575119036,0.976029115554596,1
"lavenderblush3",39,0,4.71350420423463,1,1
