,line,year,loc,Name,region,ayield,prot,dmat,plht,sdwt,oil
L20M01R1,1,20,Morden,X5583-1-041-5-5,west,4617.9,37.3,113,101,15.3,22.5
L20M01R2,1,20,Morden,X5583-1-041-5-5,west,4617.9,37.3,113,101,15.3,22.5
L20M01R3,1,20,Morden,X5583-1-041-5-5,west,4617.9,37.3,113,101,15.3,22.5
L20M02R1,2,20,Morden,AC Harmony,west,4283.6,36.3,109,103,13.9,22.9
L20M02R2,2,20,Morden,AC Harmony,west,4283.6,36.3,109,103,13.9,22.9
L20M02R3,2,20,Morden,AC Harmony,west,4283.6,36.3,109,103,13.9,22.9
L20M03R1,3,20,Morden,AAC Halli,west,4592.2,39.1,107,103,18.3,21.5
L20M03R2,3,20,Morden,AAC Halli,west,4592.2,39.1,107,103,18.3,21.5
L20M03R3,3,20,Morden,AAC Halli,west,4592.2,39.1,107,103,18.3,21.5
L20M04R1,4,20,Morden,90A01,west,4587.8,39.8,106,98,15.9,21.4
L20M04R2,4,20,Morden,90A01,west,4587.8,39.8,106,98,15.9,21.4
L20M04R3,4,20,Morden,90A01,west,4587.8,39.8,106,98,15.9,21.4
L20M05R1,5,20,Morden,Maple Amber,west,3996.4,39.7,109,103,15.8,21.4
L20M05R2,5,20,Morden,Maple Amber,west,3996.4,39.7,109,103,15.8,21.4
L20M05R3,5,20,Morden,Maple Amber,west,3996.4,39.7,109,103,15.8,21.4
L20M06R1,6,20,Morden,OT13-08,west,4661.3,40.6,111,102,15.6,22
L20M06R2,6,20,Morden,OT13-08,west,4661.3,40.6,111,102,15.6,22
L20M06R3,6,20,Morden,OT13-08,west,4661.3,40.6,111,102,15.6,22
L20M07R1,7,20,Morden,OT14-03,west,4287,41.2,107,101,16.3,20.2
L20M07R2,7,20,Morden,OT14-03,west,4287,41.2,107,101,16.3,20.2
L20M07R3,7,20,Morden,OT14-03,west,4287,41.2,107,101,16.3,20.2
L20M08R1,8,20,Morden,AAC Springfield,west,3837.8,43.6,105,106,16.4,18.9
L20M08R2,8,20,Morden,AAC Springfield,west,3837.8,43.6,105,106,16.4,18.9
L20M08R3,8,20,Morden,AAC Springfield,west,3837.8,43.6,105,106,16.4,18.9
L20M09R1,9,20,Morden,Jari,west,4205,42.4,115,108,16.3,19.3
L20M09R2,9,20,Morden,Jari,west,4205,42.4,115,108,16.3,19.3
L20M09R3,9,20,Morden,Jari,west,4205,42.4,115,108,16.3,19.3
L20M10R1,10,20,Morden,AC Proteus,west,3479.5,45.1,113,108,15,17.4
L20M10R2,10,20,Morden,AC Proteus,west,3479.5,45.1,113,108,15,17.4
L20M10R3,10,20,Morden,AC Proteus,west,3479.5,45.1,113,108,15,17.4
L20O01R1,1,20,Ottawa,X5583-1-041-5-5,east,3541.6,40.7,111,54,20.6,22.2
L20O01R2,1,20,Ottawa,X5583-1-041-5-5,east,3541.6,40.7,111,54,20.6,22.2
L20O01R3,1,20,Ottawa,X5583-1-041-5-5,east,3541.6,40.7,111,54,20.6,22.2
L20O02R1,2,20,Ottawa,AC Harmony,east,3159.4,39.7,108,56,19.3,23.3
L20O02R2,2,20,Ottawa,AC Harmony,east,3159.4,39.7,108,56,19.3,23.3
L20O02R3,2,20,Ottawa,AC Harmony,east,3159.4,39.7,108,56,19.3,23.3
L20O03R1,3,20,Ottawa,AAC Halli,east,3157.8,42.4,104,57,23.9,21.2
L20O03R2,3,20,Ottawa,AAC Halli,east,3157.8,42.4,104,57,23.9,21.2
L20O03R3,3,20,Ottawa,AAC Halli,east,3157.8,42.4,104,57,23.9,21.2
L20O04R1,4,20,Ottawa,90A01,east,2853.4,43.2,102,50,19.5,20.9
L20O04R2,4,20,Ottawa,90A01,east,2853.4,43.2,102,50,19.5,20.9
L20O04R3,4,20,Ottawa,90A01,east,2853.4,43.2,102,50,19.5,20.9
L20O05R1,5,20,Ottawa,Maple Amber,east,2784.2,42.6,103,58,20,21.6
L20O05R2,5,20,Ottawa,Maple Amber,east,2784.2,42.6,103,58,20,21.6
L20O05R3,5,20,Ottawa,Maple Amber,east,2784.2,42.6,103,58,20,21.6
L20O06R1,6,20,Ottawa,OT13-08,east,3462.8,44.6,111,64,21.1,21.1
L20O06R2,6,20,Ottawa,OT13-08,east,3462.8,44.6,111,64,21.1,21.1
L20O06R3,6,20,Ottawa,OT13-08,east,3462.8,44.6,111,64,21.1,21.1
L20O07R1,7,20,Ottawa,OT14-03,east,3336.7,45.3,110,53,20.5,19.4
L20O07R2,7,20,Ottawa,OT14-03,east,3336.7,45.3,110,53,20.5,19.4
L20O07R3,7,20,Ottawa,OT14-03,east,3336.7,45.3,110,53,20.5,19.4
L20O08R1,8,20,Ottawa,AAC Springfield,east,2790.8,47,103,55,20,18.6
L20O08R2,8,20,Ottawa,AAC Springfield,east,2790.8,47,103,55,20,18.6
L20O08R3,8,20,Ottawa,AAC Springfield,east,2790.8,47,103,55,20,18.6
L20O09R1,9,20,Ottawa,Jari,east,3631.5,47.2,114,64,22.6,19.1
L20O09R2,9,20,Ottawa,Jari,east,3631.5,47.2,114,64,22.6,19.1
L20O10R1,10,20,Ottawa,AC Proteus,east,2789,50.7,114,65,21.9,16.1
L20O10R2,10,20,Ottawa,AC Proteus,east,2789,50.7,114,65,21.9,16.1
L20O10R3,10,20,Ottawa,AC Proteus,east,2789,50.7,114,65,21.9,16.1
L20S01R1,1,20,Saskatoon,X5583-1-041-5-5,west,2715.4,38.9,127,NA,13.6,20.5
L20S01R2,1,20,Saskatoon,X5583-1-041-5-5,west,2715.4,38.9,127,NA,13.6,20.5
L20S01R3,1,20,Saskatoon,X5583-1-041-5-5,west,2715.4,38.9,127,NA,13.6,20.5
L20S02R1,2,20,Saskatoon,AC Harmony,west,2238.2,39.2,126,NA,12.9,21
L20S02R2,2,20,Saskatoon,AC Harmony,west,2238.2,39.2,126,NA,12.9,21
L20S02R3,2,20,Saskatoon,AC Harmony,west,2238.2,39.2,126,NA,12.9,21
L20S03R1,3,20,Saskatoon,AAC Halli,west,2426.7,40.3,122,NA,16.5,19.9
L20S03R2,3,20,Saskatoon,AAC Halli,west,2426.7,40.3,122,NA,16.5,19.9
L20S03R3,3,20,Saskatoon,AAC Halli,west,2426.7,40.3,122,NA,16.5,19.9
L20S04R1,4,20,Saskatoon,90A01,west,2501.2,41.3,116,NA,15.2,20.1
L20S04R2,4,20,Saskatoon,90A01,west,2501.2,41.3,116,NA,15.2,20.1
L20S04R3,4,20,Saskatoon,90A01,west,2501.2,41.3,116,NA,15.2,20.1
L20S05R1,5,20,Saskatoon,Maple Amber,west,1702.1,40.1,123,NA,14.6,20.1
L20S05R2,5,20,Saskatoon,Maple Amber,west,1702.1,40.1,123,NA,14.6,20.1
L20S05R3,5,20,Saskatoon,Maple Amber,west,1702.1,40.1,123,NA,14.6,20.1
L20S06R1,6,20,Saskatoon,OT13-08,west,2261.8,41.5,121,NA,13.4,20.5
L20S06R2,6,20,Saskatoon,OT13-08,west,2261.8,41.5,121,NA,13.4,20.5
L20S06R3,6,20,Saskatoon,OT13-08,west,2261.8,41.5,121,NA,13.4,20.5
L20S07R1,7,20,Saskatoon,OT14-03,west,1880,42.6,127,NA,14.2,18.7
L20S07R2,7,20,Saskatoon,OT14-03,west,1880,42.6,127,NA,14.2,18.7
L20S08R2,8,20,Saskatoon,AAC Springfield,west,2023.8,46.6,122,NA,14.7,17.5
L20S08R3,8,20,Saskatoon,AAC Springfield,west,2023.8,46.6,122,NA,14.7,17.5
L20S09R1,9,20,Saskatoon,Jari,west,1630.7,43.8,128,NA,13.5,17.5
L20S09R2,9,20,Saskatoon,Jari,west,1630.7,43.8,128,NA,13.5,17.5
L20S10R1,10,20,Saskatoon,AC Proteus,west,1447.7,46.4,128,NA,13.1,15.7
L20S10R2,10,20,Saskatoon,AC Proteus,west,1447.7,46.4,128,NA,13.1,15.7
L20S10R3,10,20,Saskatoon,AC Proteus,west,1447.7,46.4,128,NA,13.1,15.7
